{"_runtime":638.2757799,"_step":4,"epoch":5,"train_loss":6.603506342569987,"val_loss":6.9423956871032715,"generated_text":{"sha256":"eef69b350b8a3192c12c972cf1477e4995c995b0ce7555f66852ba21f3cb62bb","size":250,"path":"media/html/generated_text_4_eef69b350b8a3192c12c.html","_type":"html-file"},"_timestamp":1.7449712735376194e+09,"_wandb":{"runtime":638}}