{"epoch":5,"train_loss":6.605117956797282,"val_loss":7.1556925773620605,"generated_text":{"_type":"html-file","sha256":"05f7c88b08d3f0a5416d10b8e25396fb911c05708256a6b2fb4d638b7d11d0ed","size":243,"path":"media/html/generated_text_4_05f7c88b08d3f0a5416d.html"},"_timestamp":1.7450645742228637e+09,"_wandb":{"runtime":538},"_runtime":538.3042407,"_step":4}