{"_wandb":{"runtime":910},"_timestamp":1.7457434246774838e+09,"_runtime":907.892014,"_step":14,"epoch":15,"train_loss":6.318175931704246,"val_loss":6.417391950433904,"lr":4.6875e-06}