{"val_loss":4.570293701056278,"lr":3.75e-05,"_wandb":{"runtime":266},"_timestamp":1.7457053189115915e+09,"_runtime":264.9433495,"_step":14,"epoch":15,"train_loss":3.2257386587433894}