{"_timestamp":1.745702454463152e+09,"_runtime":428.3839336,"_step":14,"_wandb":{"runtime":430},"epoch":15,"train_loss":3.155344154875157,"val_loss":4.552980993733262,"lr":3.75e-05}