{"epoch":15,"train_loss":1.585051726082624,"val_loss":5.1158984646652685,"_wandb":{"runtime":679},"lr":1.875e-05,"_timestamp":1.7457533039039898e+09,"_runtime":677.7630506,"_step":14}