{"_runtime":1954.2784006,"_step":9,"epoch":10,"train_loss":2.3096367922041487,"eval_loss":2.2917976805340583,"_wandb":{"runtime":2168},"_timestamp":1.7455131201521997e+09}