{"eval_loss":7.463478195342484,"_timestamp":1.7455209100933216e+09,"_runtime":1928.2153665,"_step":9,"_wandb":{"runtime":2006},"epoch":10,"train_loss":7.503559205540919}