{"_timestamp":1.745746897193956e+09,"_runtime":472.4991167,"_step":14,"epoch":15,"train_loss":1.7805983288813445,"val_loss":5.229113896687825,"_wandb":{"runtime":474},"lr":1.875e-05}