{"_step":14,"_wandb":{"runtime":303},"epoch":15,"train_loss":3.3761915974697825,"val_loss":4.496310125697743,"lr":7.5e-05,"_timestamp":1.7457105998437557e+09,"_runtime":301.8741486}