{"train_loss":3.1437287093851385,"eval_loss":3.1232122873484007,"_timestamp":1.745509134513092e+09,"_wandb":{"runtime":2069},"_runtime":1898.7925411,"_step":10,"epoch":11}