{"_wandb":{"runtime":24000},"_runtime":23873.0204216,"_step":4,"train_loss":3.3430480003356933,"val_loss":4.329562187194824,"epoch":5,"_timestamp":1.7450867630714529e+09}