{"_wandb":{"runtime":2322},"_runtime":1926.8857339,"_step":9,"epoch":10,"train_loss":6.016369720938096,"eval_loss":5.977529008302837,"_timestamp":1.745522947360234e+09}