{"train_loss":2.2442456012436747,"eval_loss":2.2160027327902,"_timestamp":1.7455153357257125e+09,"_runtime":2000.1832137,"_step":9,"_wandb":{"runtime":2000},"epoch":10}