{"epoch":4,"iteration":4,"epoch_loss":8.987749099731445,"_wandb":{"runtime":123},"loss":8.987749099731445,"_timestamp":1.7458457843909378e+09,"_runtime":123.7708668,"_step":5}