{"train_loss":6.315008704945193,"val_loss":6.451535167116107,"lr":4.6875e-06,"_timestamp":1.7457500450821302e+09,"_runtime":568.4538364,"_step":14,"_wandb":{"runtime":570},"epoch":15}