{"_timestamp":1.74455709538053e+09,"_wandb":{"runtime":164},"_runtime":162.2264351,"_step":0,"epoch":1,"train_loss":10.539696566263835,"val_loss":9.90713119506836}