{"_timestamp":1.7457549954595065e+09,"_runtime":440.5415971,"_step":14,"epoch":15,"_wandb":{"runtime":442},"train_loss":1.4523032499571977,"val_loss":5.222447048534047,"lr":9.375e-06}