{"eval_loss":2.5891229371926974,"_timestamp":1.7455109458539484e+09,"_wandb":{"runtime":1639},"_runtime":1639.0436095,"_step":9,"epoch":10,"train_loss":2.6049786887600996}