{"_runtime":310.2946591,"_step":14,"epoch":15,"train_loss":3.0054975242938027,"val_loss":4.679061369462446,"lr":3.75e-05,"_timestamp":1.7457047033880339e+09,"_wandb":{"runtime":311}}