{"_wandb":{"runtime":652},"val_loss":5.779801368713379,"generated_text":{"_type":"html-file","sha256":"2cc95f9edf25313e1f605a1ec7fef2bfe69edfd0e21a009cb246c1ccceab9515","size":251,"path":"media/html/generated_text_4_2cc95f9edf25313e1f60.html"},"_timestamp":1.7445639271578133e+09,"_runtime":652.0831423,"_step":4,"epoch":5,"train_loss":5.128731282552083}