{"_runtime":193.6217018,"_step":14,"_wandb":{"runtime":195},"epoch":15,"train_loss":3.707618624477063,"val_loss":4.512753212090694,"lr":0.00015,"_timestamp":1.7457088108585606e+09}