{"_runtime":652.2462008,"_step":14,"epoch":15,"train_loss":0.8094543103444374,"val_loss":5.671042644616329,"_wandb":{"runtime":654},"lr":9.375e-06,"_timestamp":1.7457567530289369e+09}