{"epoch":15,"train_loss":2.2807815495183914,"val_loss":4.844725970065955,"lr":1.875e-05,"_timestamp":1.7457415513532004e+09,"_runtime":446.9129467,"_step":14,"_wandb":{"runtime":449}}