{"_step":14,"_wandb":{"runtime":274},"epoch":15,"train_loss":3.0641787367351982,"val_loss":4.669087554469253,"lr":3.75e-05,"_timestamp":1.7457065470952232e+09,"_runtime":272.8694317}