{"lr":3.75e-05,"_wandb":{"runtime":461},"_timestamp":1.7457014973949113e+09,"_runtime":458.7926065,"_step":14,"epoch":15,"train_loss":3.1441140288013525,"val_loss":4.4496965841813525}