{"_runtime":188.2462922,"_step":14,"epoch":15,"train_loss":3.8369823286088844,"val_loss":4.628947648135099,"_wandb":{"runtime":189},"lr":0.0003,"_timestamp":1.7457097673189206e+09}