{"train_loss":3.115981344449318,"_wandb":{"runtime":284},"val_loss":4.604576183087898,"lr":3.75e-05,"_timestamp":1.7457032990817199e+09,"_runtime":282.3745709,"_step":14,"epoch":15}