{"_timestamp":1.7456966982683382e+09,"_runtime":440.1487262,"_step":14,"epoch":15,"train_loss":2.090508837214971,"val_loss":4.942858652635054,"_wandb":{"runtime":442},"lr":1.875e-05}