{"_wandb":{"runtime":286},"epoch":15,"train_loss":3.0222169471999347,"val_loss":4.656286167375969,"lr":1.875e-05,"_timestamp":1.745707083404877e+09,"_runtime":284.5362133,"_step":14}