{"val_loss":5.206911867315119,"lr":1.875e-05,"_wandb":{"runtime":680},"_timestamp":1.7457517825389345e+09,"_runtime":678.4660422,"_step":14,"epoch":15,"train_loss":1.6610181687241894}