{"_step":49,"train_loss":7.366103172302246,"val_loss":9.461822509765625,"epoch":50,"_wandb":{"runtime":3},"_timestamp":1.744836299072063e+09,"_runtime":3.466946791}