{"val_loss":6.4003918170928955,"_timestamp":1.7445582673240333e+09,"_runtime":659.6889526,"_step":4,"_wandb":{"runtime":659},"epoch":5,"train_loss":6.532524681091308}