{"epoch":15,"train_loss":6.316318339008396,"val_loss":6.42313172600486,"_wandb":{"runtime":615},"lr":4.6875e-06,"_timestamp":1.7457491875417163e+09,"_runtime":613.2861408,"_step":14}