{"_step":14,"epoch":15,"train_loss":1.7604344622563508,"_wandb":{"runtime":708},"val_loss":5.312034736980092,"lr":1.875e-05,"_timestamp":1.7457542242544017e+09,"_runtime":706.703425}