{"_wandb":{"runtime":3303},"train_loss":3.85314626360167,"eval_loss":3.8032671642445006,"_timestamp":1.7455188089600792e+09,"_runtime":3131.888943,"_step":9,"epoch":10}