{"lr":3.75e-05,"_timestamp":1.7457005605093079e+09,"_runtime":482.4907341,"_step":14,"epoch":15,"train_loss":3.048131065045373,"val_loss":4.566045370968905,"_wandb":{"runtime":484}}