{"val_loss":4.624718189239502,"epoch":5,"_timestamp":1.7446553747485883e+09,"_wandb":{"runtime":8116},"_runtime":8050.0617606,"_step":4,"train_loss":3.334591987133026}