{"_runtime":6666.6545145,"_step":55,"epoch":56,"_wandb":{"runtime":6680},"loss":2.6415945090499577,"_timestamp":1.7454442853722625e+09}