{"val_loss":5.327530615257494,"lr":9.375e-06,"_timestamp":1.745755596113126e+09,"_wandb":{"runtime":454},"_runtime":452.1212441,"_step":14,"epoch":15,"train_loss":1.409059326123383}