{"train_loss":3.061911988662461,"_wandb":{"runtime":301},"val_loss":4.551413550521389,"lr":3.75e-05,"_timestamp":1.745698207083814e+09,"_runtime":299.697332,"_step":14,"epoch":15}