{"train_loss":2.0878354319071364,"val_loss":5.005464481584953,"lr":1.875e-05,"_timestamp":1.7457453841792026e+09,"_runtime":444.9079195,"_wandb":{"runtime":447},"_step":14,"epoch":15}