{"lr":1.875e-05,"_timestamp":1.7456950986609907e+09,"_wandb":{"runtime":277},"_runtime":275.0525017,"_step":14,"epoch":15,"train_loss":2.651436755616786,"val_loss":4.753750837210453}