{"train_loss":2.2411952663617725,"eval_loss":2.223430848325106,"_timestamp":1.7456939490809774e+09,"_runtime":1912.1997114,"_wandb":{"runtime":2162},"_step":9,"epoch":10}