{"_timestamp": 1745417196.265984, "_runtime": 9258.7159609, "_step": 5, "train_loss": 3.023673812150955, "val_loss": 4.450781345367432, "epoch": 6}