{"_runtime":387.7337556,"_step":14,"epoch":15,"_wandb":{"runtime":389},"train_loss":2.70968215263496,"val_loss":4.848844268105247,"lr":1.875e-05,"_timestamp":1.7456931649304223e+09}