{"_step":14,"_wandb":{"runtime":438},"epoch":15,"train_loss":3.1355503930883892,"val_loss":4.505351904666785,"lr":3.75e-05,"_timestamp":1.745697736228843e+09,"_runtime":436.3283817}