{"_step":14,"epoch":15,"train_loss":2.18529371083793,"_wandb":{"runtime":399},"val_loss":5.073053244388465,"lr":1.875e-05,"_timestamp":1.7457506288076572e+09,"_runtime":397.2324565}