{"eval_loss":6.3160586446571045,"_timestamp":1.7457504640337048e+09,"_wandb":{"runtime":2527},"_runtime":2527.3953888,"_step":4,"epoch":5,"train_loss":6.316544011615861}