{"_runtime":272.1021028,"_step":14,"epoch":15,"train_loss":3.1347907090591174,"_wandb":{"runtime":273},"val_loss":4.690791115616307,"lr":7.5e-05,"_timestamp":1.7457060580830877e+09}