{"val_loss":4.662478750402277,"lr":1.875e-05,"_wandb":{"runtime":266},"_timestamp":1.7456907865236185e+09,"_runtime":264.2110867,"_step":14,"epoch":15,"train_loss":2.907274557372271}