{"lr":3.75e-05,"_timestamp":1.7456988659265733e+09,"_wandb":{"runtime":465},"_runtime":463.7856402,"_step":14,"epoch":15,"train_loss":3.0898398536746785,"val_loss":4.535944765264338}