{"_timestamp":1.7456881888650517e+09,"_runtime":265.4207423,"_step":14,"epoch":15,"train_loss":2.915368358967668,"val_loss":4.47928203235973,"_wandb":{"runtime":267},"lr":1.875e-05}