{"train_loss":7.53390610659564,"val_loss":9.067033767700195,"epoch":3,"_timestamp":1.7456795250080895e+09,"_runtime":121.756515,"_step":2,"_wandb":{"runtime":137}}