{"lr":1.875e-05,"_timestamp":1.7457447587927494e+09,"_runtime":446.0024323,"_step":14,"_wandb":{"runtime":447},"epoch":15,"train_loss":1.7923702619843564,"val_loss":5.229972478115197}