{"generated_text":{"_type":"html-file","sha256":"5500210b2a82253f89049b2e4cb2b66a6dec18bcd06383e3355db12c009bd44c","size":245,"path":"media/html/generated_text_4_5500210b2a82253f8904.html"},"_timestamp":1.7455003012673047e+09,"_runtime":610.7265366,"_step":4,"epoch":5,"train_loss":7.0546349457332065,"_wandb":{"runtime":610},"val_loss":7.047703742980957}