{"_runtime":446.8048318,"_step":14,"_wandb":{"runtime":449},"epoch":15,"train_loss":2.284246099601358,"val_loss":4.9156490961710615,"lr":1.875e-05,"_timestamp":1.7457441009639914e+09}