{"epoch":15,"train_loss":2.754451979620982,"val_loss":4.695968324487859,"lr":1.875e-05,"_timestamp":1.7456918960308177e+09,"_runtime":372.0441324,"_wandb":{"runtime":373},"_step":14}