{"_step":14,"epoch":15,"train_loss":1.8105540808984788,"val_loss":5.030891245061701,"lr":3.75e-05,"_wandb":{"runtime":638},"_timestamp":1.7457423612596836e+09,"_runtime":636.5089773}