{"generated_text":{"_type":"html-file","sha256":"e7c3f4e9c8db5716fe68a332a2e7a8dccd05bc471008b17936188afebcf46be6","size":229,"path":"media/html/generated_text_4_e7c3f4e9c8db5716fe68.html"},"_timestamp":1.7454990515680752e+09,"_runtime":557.6688922,"_wandb":{"runtime":557},"_step":4,"epoch":5,"train_loss":7.1044648715427945,"val_loss":7.0909202098846436}