{"_step":14,"epoch":15,"train_loss":3.39656404074976,"val_loss":4.582340645067619,"lr":7.5e-05,"_timestamp":1.7457093569632866e+09,"_runtime":211.8881248,"_wandb":{"runtime":213}}