{"_runtime":493.1061751,"_step":14,"_wandb":{"runtime":495},"epoch":15,"train_loss":1.8575629258559923,"val_loss":5.287397572488496,"lr":1.875e-05,"_timestamp":1.7457484729249022e+09}