{"_timestamp":1.7450623897136705e+09,"_wandb":{"runtime":8825},"_runtime":8326.6868348,"_step":2,"train_loss":3.960524259805679,"val_loss":4.278733730316162,"epoch":3}