{"epoch":15,"train_loss":2.7360181194240765,"val_loss":4.729478518168132,"lr":1.875e-05,"_wandb":{"runtime":358},"_timestamp":1.7456913912933695e+09,"_runtime":356.672518,"_step":14}