{"val_loss":5.021030310428504,"_wandb":{"runtime":473},"lr":1.875e-05,"_timestamp":1.745746199717241e+09,"_runtime":471.0323391,"_step":14,"epoch":15,"train_loss":2.0515405566005382}