{"train_loss":4.488831174979776,"val_loss":4.825607372052742,"lr":0.00015,"_timestamp":1.7456925769354403e+09,"_runtime":472.1145461,"_step":14,"_wandb":{"runtime":474},"epoch":15}