{"epoch":15,"_wandb":{"runtime":392},"train_loss":2.6170835082813846,"val_loss":4.742446422576904,"lr":1.875e-05,"_timestamp":1.7456961585629513e+09,"_runtime":390.7080981,"_step":14}